id,too_cheap,cheap,expensive,too_expensive
P001,25,39,65,90
P002,15,25,40,55
P003,20,35,55,80
P004,5,15,30,45
P006,15,25,45,65
P008,20,30,50,70
P010,15,25,45,65
P011,20,39,79,110
P012,10,25,40,55
P013,15,25,40,55
P017,20,35,55,75
P018,15,29,45,59
P019,20,35,75,110
P020,15,25,40,55
P023,15,29,49,69
P024,20,30,45,65
P025,5,15,30,45
P026,15,25,40,59
P029,5,15,30,45
P031,20,35,55,80
P032,15,25,40,59
P035,20,30,45,65
P036,20,35,55,75
P037,15,25,40,55
P038,15,30,50,75
P039,15,29,49,65
P040,15,25,40,55
P041,20,30,45,65
P042,15,29,45,65
P043,15,30,45,65
P044,8,15,30,45
P046,3,8,20,35
P048,20,35,55,80
P049,15,25,40,55
P050,20,35,55,80
P052,5,10,40,60
P054,20,35,55,75
P055,20,35,60,85
P056,20,35,55,75
P057,20,39,69,95
P058,25,39,59,80
P059,15,25,45,65
P060,20,35,55,80
P062,20,35,55,75
P064,15,25,40,55
P067,20,39,75,110
P069,20,35,55,75
P070,3,10,25,40
P071,15,25,40,55
P072,20,35,55,75
P073,15,25,40,60
P074,20,35,75,110
P075,15,30,50,70
P076,15,30,50,70
P081,15,25,45,65
P084,20,35,65,90
P085,20,35,59,85
P086,15,29,59,85
P087,15,30,55,80
P088,25,40,70,95
P089,20,35,60,85
P091,20,35,55,80
P092,15,30,55,80
P093,20,35,55,75
P094,20,35,59,80
P096,20,35,65,90
P097,15,30,50,70
P098,15,30,45,60
P100,20,35,55,75
