name,type,url,location_or_channel,price_of_comparable_item,what_it_sells,positioning_line,rating,review_count,source_date
CoCo's Funhouse,Direct (indoor play center),https://cocosfun.com/open-play-area-for-kids-near-you/ ; https://cocosfun.com/birthday-party-packages/,"337 Civic Ave #500 (Twilley Center), Salisbury MD 21804","Drop-in: $20 + tax per child, under 2 $15 (unlimited, no re-entry). Membership: official page says 'Funfull members are FREE', price not found on official site; third party lists $14.99/month (https://wanderlog.com/place/details/11366799). Party: Party Room Rental $310 + tax during public hours; Private Facility Rental $600 + tax, 2 hrs, pizza and juice for 12 kids, $20 each extra child, 10% gratuity included","Inflatables, soft play jungle gym, toddler area, sensory tiles, arcade, party rooms, food","Best Indoor Play Center and Magical Funhouse in Maryland (site title, https://cocosfun.com/)",Tripadvisor 4.4; Yelp 4.4,Tripadvisor 31; Yelp 14 (https://www.tripadvisor.com/Attraction_Review-g41365-d3200098-Reviews-Coco_s_Funhouse-Salisbury_Maryland.html ; https://www.yelp.com/biz/cocos-funhouse-salisbury),accessed 2026-10-08 via search excerpt (site blocked to direct fetch)
Altitude Trampoline Park Delmar,Indirect (trampoline park with Mega Play and Kid's Court),https://www.altitudedelmar.com/buy-a-pass ; https://www.altitudedelmar.com/membership ; https://www.altitudedelmar.com/Book-the-Park,"30174 Foskey Ln, Delmar MD 21875 (about 3.5 mi north of Salisbury Mall)","Drop-in: Junior Jump (42 in. and under) 3 hrs 10am to 1pm $22.94, parents jump free; 90-min pass $22.94. Membership: $20/month (2 hrs/day, includes Mega Play); another page quotes $199.99/year (conflict). Party: per-jumper $20 ($10 with membership), min 8; weekday/weekend package price not found; private park $600 for up to 25 jumpers","Trampolines, Mega Play indoor playground for kids under 52 in., Kid's Court, toddler times, ninja course, parties",not found (tagline not captured in search excerpts),Yelp 2.4; Tripadvisor 3.0,Yelp 23; Tripadvisor 2 (https://www.yelp.com/search?cflt=trampoline&find_loc=Delmar%2C+DE+19940 ; https://www.tripadvisor.com/Attraction_Review-g41109-d17660186-Reviews-Altitude_Trampoline_Park_Delmar-Delmar_Maryland.html),accessed 2026-10-08 via search excerpt (site blocked to direct fetch)
Galaxy Gymnastics (Toddler Time and Open Gym),Indirect (gym with drop-in toddler play),https://galaxygymnast.com/events/open-gyms.html ; https://galaxygymnast.com/classes/index.html,"337 Civic Ave (Twilley Center), Salisbury MD 21804","Drop-in: Toddler Time $5 per child (5 and under), Tue and Fri 10 to 11am, no registration; Sunday Open Gym $10 per person. Membership: not applicable / not found. Party: not found","Recreational gymnastics classes incl. Baby Dippers parent-and-child (10 mo to 3 yrs), toddler time, open gym","Gymnastics Classes in Salisbury, MD (site title, https://galaxygymnast.com/)",not found,not found (searched Yelp and Google listings; no rating in results),accessed 2026-10-08 via search excerpt (site blocked to direct fetch)
Ocean's Playhouse,"Direct (regional indoor playground, about 30 mi)",https://oceansplayhousemd.com/pricing/ ; https://oceansplayhousemd.com/parties-packages/,"12741 Ocean Gateway Suite 940, Ocean City (West OC) MD","Drop-in: $22.95 per child over 2, $14.95 under 2, one adult included, extra adult $6.95 (also reported in https://oceancityvibes.beehiiv.com/p/fall-events-football-specials-off-season-specials-happy-hours-ocmd-october-5-october-11-2025). Membership: not found (searched official site excerpts, chamber and tourism listings). Party: $450 weekday / $500 weekend, 2 hrs private room, 10 kids, 2 large cheese pizzas, $150 deposit","Indoor playground for kids up to 12 with toddler and infant zone, birthday parties and events","local family-owned and operated indoor playground (Facebook page, https://www.facebook.com/p/Oceans-Playhouse-61576195265450/)",Facebook 100% recommend; Yelp 5.0,Facebook 11; Yelp 1 (https://www.yelp.com/biz/ocean-s-playhouse-ocean-city),accessed 2026-10-08 via search excerpt (site blocked to direct fetch)
Be With Me: The Children's Playseum (Easton),"Direct (regional pretend-play museum, about 50 mi)",https://www.playseum.com/eastonplayseum,"7871 Ocean Gateway, Easton MD","Drop-in: $15 per person ages 1 to 100, under 1 free (adult pays too). Membership: not found for Easton. Party: not found for Easton (Playseum party prices found are for another location)","29 themed pretend-play areas modeled on Easton, toy store, story time, parties",not found (tagline not captured),Google about 4.3 (aggregators); Yelp 4.8,Google 84 or 66 per aggregators (https://www.loc8nearme.com/maryland/annapolis/be-with-me-the-childrens-playseum/5068122/ ; https://be-with-me-the-children-s-playseum.wheree.com/); Yelp 4,accessed 2026-10-08 via search excerpt (site blocked to direct fetch)
The Nest Play Cafe (Dover) / Natural Nest Play Cafe family,"Direct (regional Montessori-inspired play cafe, about 55 mi)",https://thenestde.com/ ; https://naturalnestplay.com/pages/dover-location-page ; https://visitcentraldelaware.com/directory/the-nest-play-cafe/,"Dover DE (1003 Walker Rd per Visit Central Delaware; 8 W Loockerman St per Macaroni Kid, conflict); also Middletown and Newark DE","Drop-in: Dover not found; Natural Nest Newark $16 for 2 hrs, one child + one adult (https://delawaretoday.com/life-style/natural-nest-play-cafe/). Membership: offered (monthly, 3-month, annual at Middletown) but price not found. Party: $225 Sunday DIY Birthday Special (Dover, duration not stated); $35 open-play celebration table; Natural Nest private play $195 for 90 min","Montessori inspired playroom, play time, classes, parties, organic snacks, coffee, wooden toy shop, Wi-Fi","Delaware's First Play Cafe (site title, https://thenestde.com/)",Yelp 1.0 (Middletown 'The Nest Play Cafe & Boutique'),Yelp 1 (https://www.yelp.com/biz/the-nest-play-cafe-and-boutique-middletown); Dover reviews not found,accessed 2026-10-08 via search excerpt (site blocked to direct fetch)
Wicomico Public Library storytime,Substitute (free),https://www.wicomicolibrary.org/event/storytime-ages-0-5-6,"Paul S. Sarbanes downtown library, 122 S. Division St, Salisbury","Free; half-hour storytime ages 0 to 5, Thursday mornings (2025 listing; 2026 schedule not found)","Stories, songs, finger plays, craft, play",free program open to all (event listing),not applicable,not applicable,accessed 2026-10-08 via search excerpt (site blocked to direct fetch)
Salisbury Zoo (free admission and story time),Substitute (free),https://www.wicomicotourism.org/blog/go-wild-at-the-salisbury-zoo-with-these-free-summer-programs- ; https://salisburyzoo.org/?p=1307,Salisbury MD,"Free admission and parking; free story time geared to ages 2 to 5 (older page), Animal Tales summer 2026 dates 7/21, 8/4, 8/18","Zoo visit, outdoor story time with animal meet",not found,not found,not found,accessed 2026-10-08 via search excerpt (site blocked to direct fetch)
Public parks and playgrounds (e.g. Fruitland Recreation Park),Substitute (free),https://www.wicosports.org/parks/fruitland-recreation-park-and-annex,Wicomico County,Free,Outdoor play,not applicable,not applicable,not applicable,accessed 2026-10-08 via search excerpt (site blocked to direct fetch)
MOPS / MomCo church moms groups,"Substitute (low cost, faith based)",https://saintpaulsumc.org/?p=6875,Churches (no Salisbury/Wicomico group found),Local group not found; one non-local source says annual dues typically $75 to $130 (https://fun4raleighkids.com/Family-Resources/Playgroups/MOPS/View-details per search excerpt),"Moms meetings 1 to 2 times a month, usually with childcare",not found,not applicable,not applicable,accessed 2026-10-08 via search excerpt (site blocked to direct fetch)
Chick-fil-A North Pointe Plaza,Substitute (fast food play),https://www.chick-fil-a.com/locations/md/north-pointe-plaza-md,"2736 N Salisbury Blvd, Salisbury","Free with purchase; playground not listed among amenities (Mobile Ordering, Drive-thru, Catering Pickup, WiFi, Breakfast). South Salisbury store amenities not found",Fast food,not applicable,not found,not found,accessed 2026-10-08 via search excerpt (site blocked to direct fetch)
McDonald's PlayPlace (Salisbury),Substitute (fast food play),https://en.wikipedia.org/wiki/PlayPlace,Salisbury MD,not found: no source confirmed a PlayPlace in Salisbury (searched 'McDonald's PlayPlace Salisbury MD'),Fast food,not applicable,not found,not found,accessed 2026-10-08 via search excerpt (site blocked to direct fetch)
Home play,Substitute (free),not applicable,Home,$0 plus toys,Free play at home,not applicable,not applicable,not applicable,not applicable
Little Explorers Play Cafe (Owensboro KY),"Benchmark only, not a competitor",https://www.lilexplorerscafe.com/memberships ; https://www.lilexplorerscafe.com/play-pricing,Owensboro KY (small metro),"Drop-in: $12 all-day pass per child. Membership: $45/month 1 child, $70 two, $90 three+; $350/year. Party: not found","Play cafe for 6 months to 7 years, snacks, parties",not found,not found,not found,accessed 2026-10-08 via search excerpt (site blocked to direct fetch)
Tiny Beans Play Cafe (Chesapeake VA),"Benchmark only, not a competitor",https://chesapeake.macaronikid.com/articles/67f7cd3d1818c3bf65a9d93f/the-cutest-new-spot-for-kids-in-chesapeake-va,"717 S. Battlefield Blvd, Chesapeake VA","Drop-in: $15 per 2-hr session (walking to 7), $5 Bitty Beans (newborn to crawlers). Membership: $60/month Jumping Beans, $20/month Bitty Beans. Party: not found (sponsored article, undated)","Play cafe for 6 and under, parties",not found,not found,not found,accessed 2026-10-08 via search excerpt (site blocked to direct fetch)
"Ready, Set, Play (Hagerstown MD)","Benchmark only, not a competitor",https://readysetplaymd.com/locations/hagerstown-md/,Hagerstown MD (small metro),"Drop-in: $12.99 weekday / $15.99 weekend ages 3 to 12 plus 10% amusement tax. Monthly pass: $39.99 one child, $69.99 two, $99.99 three (admission separate per excerpt, unclear); one-year pass $360. Party: not found",Indoor playground,not found,not found,not found,"accessed 2026-10-08 via search excerpt; a second search could not re-confirm the page, treat as unverified"
